{"cameraMode":{"drawMode":0,"name":"Shaded","section":"Shading Mode"},"sceneLighting":true,"audioPlay":false,"sceneViewState":{"showFog":true,"showMaterialUpdate":false,"showSkybox":true,"showFlares":true,"showImageEffects":true,"showParticleSystems":true},"in2DMode":false,"pivot":{"x":417.9054870605469,"y":-36.81396484375,"z":461.8689270019531},"rotation":{"x":0.1104075163602829,"y":0.7953367233276367,"z":-0.15238970518112184,"w":0.5762285590171814},"size":134.90325927734376,"orthographic":false}