{"cameraMode":{"drawMode":0,"name":"Shaded","section":"Shading Mode"},"sceneLighting":true,"audioPlay":false,"sceneViewState":{"showFog":true,"showMaterialUpdate":true,"showSkybox":true,"showFlares":true,"showImageEffects":true,"showParticleSystems":true},"in2DMode":false,"pivot":{"x":300.9208984375,"y":41.412837982177737,"z":333.65863037109377},"rotation":{"x":-0.1659649908542633,"y":0.06503542512655258,"z":0.01096110139042139,"w":0.9839318990707398},"size":8.041643142700196,"orthographic":false}