{"cameraMode":{"drawMode":0,"name":"Shaded","section":"Shading Mode"},"sceneLighting":true,"audioPlay":false,"sceneViewState":{"showFog":true,"showMaterialUpdate":false,"showSkybox":true,"showFlares":true,"showImageEffects":true,"showParticleSystems":true},"in2DMode":false,"pivot":{"x":313.0955505371094,"y":6.522283554077148,"z":502.96771240234377},"rotation":{"x":0.0784224197268486,"y":-0.9188428521156311,"z":0.23394246399402619,"w":0.3080011010169983},"size":2.908867359161377,"orthographic":false}