{"cameraMode":{"drawMode":0,"name":"Shaded","section":"Shading Mode"},"sceneLighting":true,"audioPlay":false,"sceneViewState":{"showFog":false,"showMaterialUpdate":false,"showSkybox":false,"showFlares":false,"showImageEffects":false,"showParticleSystems":true},"in2DMode":false,"pivot":{"x":427.7303466796875,"y":-7.799726486206055,"z":2052.83740234375},"rotation":{"x":-0.42941707372665408,"y":-0.16798432171344758,"z":0.08184854686260224,"w":-0.8836249709129334},"size":27.467100143432618,"orthographic":false}