{"cameraMode":{"drawMode":0,"name":"Shaded","section":"Shading Mode"},"sceneLighting":true,"audioPlay":false,"sceneViewState":{"showFog":true,"showMaterialUpdate":true,"showSkybox":true,"showFlares":true,"showImageEffects":true,"showParticleSystems":true},"in2DMode":false,"pivot":{"x":3.040689468383789,"y":-1.4318866729736329,"z":-2.542081832885742},"rotation":{"x":0.108671635389328,"y":-0.773004412651062,"z":0.1377881020307541,"w":0.6096481084823608},"size":13.895373344421387,"orthographic":false}