{"cameraMode":{"drawMode":0,"name":"Shaded","section":"Shading Mode"},"sceneLighting":false,"audioPlay":false,"sceneViewState":{"showFog":true,"showMaterialUpdate":true,"showSkybox":true,"showFlares":true,"showImageEffects":true,"showParticleSystems":true},"in2DMode":false,"pivot":{"x":-0.28639817237854006,"y":0.008478343486785889,"z":1.3623130321502686},"rotation":{"x":-0.12000633031129837,"y":0.2792130708694458,"z":-0.035239625722169879,"w":-0.9520827531814575},"size":0.4615592956542969,"orthographic":false}