{"cameraMode":{"drawMode":0,"name":"Shaded","section":"Shading Mode"},"sceneLighting":true,"audioPlay":false,"sceneViewState":{"showFog":true,"showMaterialUpdate":true,"showSkybox":true,"showFlares":true,"showImageEffects":true,"showParticleSystems":true},"in2DMode":false,"pivot":{"x":39.45454406738281,"y":27.419824600219728,"z":16.23398208618164},"rotation":{"x":0.21954230964183808,"y":0.7689687013626099,"z":0.4935343861579895,"w":-0.34204623103141787},"size":34.54486083984375,"orthographic":false}