{"cameraMode":{"drawMode":0,"name":"Shaded","section":"Shading Mode"},"sceneLighting":true,"audioPlay":false,"sceneViewState":{"showFog":true,"showMaterialUpdate":true,"showSkybox":true,"showFlares":true,"showImageEffects":true,"showParticleSystems":true},"in2DMode":false,"pivot":{"x":107.36599731445313,"y":140.3175811767578,"z":-138.713134765625},"rotation":{"x":-0.05590884014964104,"y":0.33504509925842287,"z":-0.0199591051787138,"w":-0.9403637051582336},"size":12.905182838439942,"orthographic":false}