{"cameraMode":{"drawMode":0,"name":"Shaded","section":"Shading Mode"},"sceneLighting":true,"audioPlay":false,"sceneViewState":{"showFog":true,"showMaterialUpdate":true,"showSkybox":true,"showFlares":true,"showImageEffects":true,"showParticleSystems":true},"in2DMode":false,"pivot":{"x":111.92498779296875,"y":-22.883163452148439,"z":20.536937713623048},"rotation":{"x":-0.19154147803783418,"y":-0.47734811902046206,"z":0.10740885138511658,"w":-0.8508760333061218},"size":260.7352294921875,"orthographic":false}