{"cameraMode":{"drawMode":0,"name":"Shaded","section":"Shading Mode"},"sceneLighting":false,"audioPlay":false,"sceneViewState":{"showFog":true,"showMaterialUpdate":true,"showSkybox":true,"showFlares":true,"showImageEffects":true,"showParticleSystems":true},"in2DMode":false,"pivot":{"x":0.07445209473371506,"y":0.020208090543746949,"z":0.013041934929788113},"rotation":{"x":-0.04250389337539673,"y":0.13176926970481873,"z":-0.005712082609534264,"w":-0.9903960227966309},"size":0.15912753343582154,"orthographic":false}