{"cameraMode":{"drawMode":0,"name":"Shaded","section":"Shading Mode"},"sceneLighting":false,"audioPlay":false,"sceneViewState":{"showFog":true,"showMaterialUpdate":true,"showSkybox":true,"showFlares":true,"showImageEffects":true,"showParticleSystems":true},"in2DMode":false,"pivot":{"x":-0.049922287464141849,"y":-0.10781493782997132,"z":0.6489815711975098},"rotation":{"x":-0.23177847266197205,"y":-0.5575515031814575,"z":0.16568027436733247,"w":-0.7797651886940002},"size":0.4615592956542969,"orthographic":false}