{"cameraMode":{"drawMode":0,"name":"Shaded","section":"Shading Mode"},"sceneLighting":true,"audioPlay":false,"sceneViewState":{"showFog":false,"showMaterialUpdate":false,"showSkybox":false,"showFlares":false,"showImageEffects":false,"showParticleSystems":true},"in2DMode":false,"pivot":{"x":328.92572021484377,"y":-65.46024322509766,"z":435.8351745605469},"rotation":{"x":0.041113533079624179,"y":0.9080945253372192,"z":-0.40653151273727419,"w":0.09233688563108444},"size":103.90605926513672,"orthographic":false}