{"cameraMode":{"drawMode":0,"name":"Shaded","section":"Shading Mode"},"sceneLighting":false,"audioPlay":false,"sceneViewState":{"showFog":false,"showMaterialUpdate":false,"showSkybox":false,"showFlares":false,"showImageEffects":false,"showParticleSystems":false},"in2DMode":false,"pivot":{"x":21.540771484375,"y":1.4774231910705567,"z":3.546546459197998},"rotation":{"x":-0.14968834817409516,"y":-0.4167393445968628,"z":0.06975428760051727,"w":-0.8939346075057983},"size":12.905182838439942,"orthographic":false}