{"cameraMode":{"drawMode":0,"name":"Shaded","section":"Shading Mode"},"sceneLighting":true,"audioPlay":false,"sceneViewState":{"showFog":true,"showMaterialUpdate":false,"showSkybox":true,"showFlares":true,"showImageEffects":true,"showParticleSystems":true},"in2DMode":false,"pivot":{"x":305.9772644042969,"y":12.717434883117676,"z":523.6574096679688},"rotation":{"x":-0.08299537748098374,"y":-0.9155467748641968,"z":0.3047182559967041,"w":-0.2491731196641922},"size":14.822752952575684,"orthographic":false}