{"cameraMode":{"drawMode":0,"name":"Shaded","section":"Shading Mode"},"sceneLighting":true,"audioPlay":false,"sceneViewState":{"showFog":false,"showMaterialUpdate":false,"showSkybox":false,"showFlares":false,"showImageEffects":false,"showParticleSystems":true},"in2DMode":false,"pivot":{"x":206.19918823242188,"y":110.3344497680664,"z":0.01833992451429367},"rotation":{"x":0.007917588576674462,"y":-0.7175875306129456,"z":0.00820008572191,"w":0.6964192390441895},"size":71.09345245361328,"orthographic":false}