{"cameraMode":{"drawMode":0,"name":"Shaded","section":"Shading Mode"},"sceneLighting":false,"audioPlay":false,"sceneViewState":{"showFog":true,"showMaterialUpdate":true,"showSkybox":true,"showFlares":true,"showImageEffects":true,"showParticleSystems":true},"in2DMode":false,"pivot":{"x":0.1247069239616394,"y":0.06661109626293183,"z":0.8180151581764221},"rotation":{"x":-0.013124074786901474,"y":0.7643750309944153,"z":-0.015613487921655178,"w":-0.644508421421051},"size":0.15912753343582154,"orthographic":false}