{"cameraMode":{"drawMode":0,"name":"Shaded","section":"Shading Mode"},"sceneLighting":true,"audioPlay":false,"sceneViewState":{"showFog":true,"showMaterialUpdate":true,"showSkybox":true,"showFlares":true,"showImageEffects":true,"showParticleSystems":true},"in2DMode":false,"pivot":{"x":73.74237060546875,"y":249.4604034423828,"z":338.5920715332031},"rotation":{"x":0.11841770261526108,"y":0.795651376247406,"z":0.16510197520256043,"w":-0.5706737637519836},"size":528.1121215820313,"orthographic":false}