{"cameraMode":{"drawMode":0,"name":"Shaded","section":"Shading Mode"},"sceneLighting":true,"audioPlay":false,"sceneViewState":{"showFog":true,"showMaterialUpdate":false,"showSkybox":true,"showFlares":true,"showImageEffects":true,"showParticleSystems":true},"in2DMode":false,"pivot":{"x":315.1303405761719,"y":3.8917012214660646,"z":505.76544189453127},"rotation":{"x":0.008921376429498196,"y":-0.9885439276695252,"z":0.13609221577644349,"w":0.0647779032588005},"size":3.749326467514038,"orthographic":false}