{"cameraMode":{"drawMode":0,"name":"Shaded","section":"Shading Mode"},"sceneLighting":true,"audioPlay":false,"sceneViewState":{"showFog":true,"showMaterialUpdate":false,"showSkybox":true,"showFlares":true,"showImageEffects":true,"showParticleSystems":true},"in2DMode":false,"pivot":{"x":318.485595703125,"y":11.202737808227539,"z":498.0427551269531},"rotation":{"x":0.01536314096301794,"y":-0.9842187166213989,"z":0.13850635290145875,"w":0.10913567245006561},"size":95.74512481689453,"orthographic":false}